holeid,x,y,z,MD,TVD,GM_lthology
Unknown_1,683447.22,5072766.9,157.33,0.0,0.0,Argillites and Marls (Clay-rich) 1
Unknown_1,683447.22,5072766.9,152.33,5.0,5.0,Argillites and Marls (Clay-rich) 1
Unknown_1,683447.22,5072766.9,147.33,10.0,10.0,Argillites and Marls (Clay-rich) 1
Unknown_1,683447.22,5072766.9,142.33,15.0,15.0,Argillites and Marls (Clay-rich) 1
Unknown_1,683447.22,5072766.9,137.33,20.0,20.0,Argillites and Marls (Clay-rich) 1
Unknown_1,683447.22,5072766.9,132.33,25.0,25.0,Argillites and Marls (Clay-rich) 1
Unknown_1,683447.22,5072766.9,127.33,30.0,30.0,Argillites and Marls (Clay-rich) 1
Unknown_1,683447.22,5072766.9,122.33,35.0,35.0,Marls and Sandstones
Unknown_1,683447.22,5072766.9,117.33,40.0,40.0,Marls and Sandstones
Unknown_1,683447.22,5072766.9,112.33,45.0,45.0,Marls and Sandstones
Unknown_1,683447.22,5072766.9,107.33,50.0,50.0,Marls and Sandstones
Unknown_1,683447.22,5072766.9,102.33,55.0,55.0,Marls and Sandstones
Unknown_1,683447.22,5072766.9,97.33,60.0,60.0,Marls and Sandstones
Unknown_1,683447.22,5072766.9,92.33,65.0,65.0,Marls and Sandstones
Unknown_1,683447.22,5072766.9,87.33,70.0,70.0,Marls and Sandstones
Unknown_1,683447.22,5072766.9,82.33,75.0,75.0,Marls and Sandstones
Unknown_1,683447.22,5072766.9,77.33,80.0,80.0,Marls and Sandstones
Unknown_1,683447.22,5072766.9,72.33,85.0,85.0,Marls and Sandstones
Unknown_1,683447.22,5072766.9,67.33,90.0,90.0,Marls and Sandstones
Unknown_1,683447.22,5072766.9,62.33,95.0,95.0,Marls and Sandstones
Unknown_1,683447.22,5072766.9,57.33,100.0,100.0,Marls and Sandstones
Unknown_1,683447.22,5072766.9,52.33,105.0,105.0,Marls and Sandstones
Unknown_1,683447.22,5072766.9,47.33,110.0,110.0,Marls and Sandstones
Unknown_1,683447.22,5072766.9,42.33,115.0,115.0,Marls and Sandstones
Unknown_1,683447.22,5072766.9,37.33,120.0,120.0,Marls and Sandstones
Unknown_1,683447.22,5072766.9,32.33,125.0,125.0,Marls and Sandstones
Unknown_1,683447.22,5072766.9,27.33,130.0,130.0,Marls and Sandstones
Unknown_1,683447.22,5072766.9,22.33,135.0,135.0,Marls and Sandstones
Unknown_1,683447.22,5072766.9,17.33,140.0,140.0,Marls and Sandstones
Unknown_1,683447.22,5072766.9,12.33,145.0,145.0,Marls and Sandstones
Unknown_1,683447.22,5072766.9,7.33,150.0,150.0,Marls and Sandstones
Unknown_1,683447.22,5072766.9,2.33,155.0,155.0,Marls and Sandstones
Unknown_1,683447.22,5072766.9,-2.67,160.0,160.0,Marls and Sandstones
Unknown_1,683447.22,5072766.9,-7.67,165.0,165.0,Marls and Sandstones
Unknown_1,683447.22,5072766.9,-12.67,170.0,170.0,Marls and Sandstones
Unknown_1,683447.22,5072766.9,-17.67,175.0,175.0,Marls and Sandstones
Unknown_1,683447.22,5072766.9,-22.67,180.0,180.0,Marls and Sandstones
Unknown_1,683447.22,5072766.9,-27.67,185.0,185.0,Marls and Sandstones
Unknown_1,683447.22,5072766.9,-32.67,190.0,190.0,Marls and Sandstones
Unknown_1,683447.22,5072766.9,-37.67,195.0,195.0,Marls and Sandstones
Unknown_1,683447.22,5072766.9,-42.67,200.0,200.0,Marls and Sandstones
Unknown_1,683447.22,5072766.9,-47.67,205.0,205.0,Marls and Sandstones
Unknown_1,683447.22,5072766.9,-52.67,210.0,210.0,Marls and Sandstones
Unknown_1,683447.22,5072766.9,-57.67,215.0,215.0,Marls and Sandstones
Unknown_1,683447.22,5072766.9,-62.67,220.0,220.0,Marls and Sandstones
Unknown_1,683447.22,5072766.9,-67.67,225.0,225.0,Marls and Sandstones
Unknown_1,683447.22,5072766.9,-72.67,230.0,230.0,Marls and Sandstones
Unknown_1,683447.22,5072766.9,-77.67,235.0,235.0,Marls and Sandstones
Unknown_1,683447.22,5072766.9,-82.67,240.0,240.0,Marls and Sandstones
Unknown_1,683447.22,5072766.9,-87.67,245.0,245.0,Marls and Sandstones
Unknown_1,683447.22,5072766.9,-92.67,250.0,250.0,Marls and Sandstones
Unknown_1,683447.22,5072766.9,-97.67,255.0,255.0,Marls and Sandstones
Unknown_1,683447.22,5072766.9,-102.67,260.0,260.0,Marls and Sandstones
Unknown_1,683447.22,5072766.9,-107.67,265.0,265.0,Marls and Sandstones
Unknown_1,683447.22,5072766.9,-112.67,270.0,270.0,Marls and Sandstones
Unknown_1,683447.22,5072766.9,-117.67,275.0,275.0,Marls and Sandstones
Unknown_1,683447.22,5072766.9,-122.67,280.0,280.0,Marls and Sandstones
Unknown_1,683447.22,5072766.9,-127.67,285.0,285.0,Marls and Sandstones
Unknown_1,683447.22,5072766.9,-132.67,290.0,290.0,Marls and Sandstones
Unknown_1,683447.22,5072766.9,-137.67,295.0,295.0,Marls and Sandstones
Unknown_1,683447.22,5072766.9,-142.67,300.0,300.0,Marls and Sandstones
Unknown_1,683447.22,5072766.9,-147.67,305.0,305.0,Marls and Sandstones
Unknown_1,683447.22,5072766.9,-152.67,310.0,310.0,Marls and Sandstones
Unknown_1,683447.22,5072766.9,-157.67,315.0,315.0,Marls and Sandstones
Unknown_1,683447.22,5072766.9,-162.67,320.0,320.0,Marls and Sandstones
Unknown_1,683447.22,5072766.9,-167.67,325.0,325.0,Marls and Sandstones
Unknown_1,683447.22,5072766.9,-172.67,330.0,330.0,Marls and Sandstones
Unknown_1,683447.22,5072766.9,-177.67,335.0,335.0,Marls and Sandstones
Unknown_1,683447.22,5072766.9,-182.67,340.0,340.0,Marls and Sandstones
Unknown_1,683447.22,5072766.9,-187.67,345.0,345.0,Marls and Sandstones
Unknown_1,683447.22,5072766.9,-192.67,350.0,350.0,Marls and Sandstones
Unknown_1,683447.22,5072766.9,-197.67,355.0,355.0,Marls and Sandstones
Unknown_1,683447.22,5072766.9,-202.67,360.0,360.0,Marls and Sandstones
Unknown_1,683447.22,5072766.9,-207.67,365.0,365.0,Marls and Sandstones
Unknown_1,683447.22,5072766.9,-212.67,370.0,370.0,Marls and Sandstones
Unknown_1,683447.22,5072766.9,-217.67,375.0,375.0,Marls and Sandstones
Unknown_1,683447.22,5072766.9,-222.67,380.0,380.0,Marls and Sandstones
Unknown_1,683447.22,5072766.9,-227.67,385.0,385.0,Marls and Sandstones
Unknown_1,683447.22,5072766.9,-232.67,390.0,390.0,Marls and Sandstones
Unknown_1,683447.22,5072766.9,-237.67,395.0,395.0,Marls and Sandstones
Unknown_1,683447.22,5072766.9,-242.67,400.0,400.0,Marls and Sandstones
Unknown_1,683447.22,5072766.9,-247.67,405.0,405.0,Marls and Sandstones
Unknown_1,683447.22,5072766.9,-252.67,410.0,410.0,Marls and Sandstones
Unknown_1,683447.22,5072766.9,-257.67,415.0,415.0,Marls and Sandstones
Unknown_1,683447.22,5072766.9,-262.67,420.0,420.0,Marls and Sandstones
Unknown_1,683447.22,5072766.9,-267.67,425.0,425.0,Marls and Sandstones
Unknown_1,683447.22,5072766.9,-272.67,430.0,430.0,Marls and Sandstones
Unknown_1,683447.22,5072766.9,-277.67,435.0,435.0,Marls and Sandstones
Unknown_1,683447.22,5072766.9,-282.67,440.0,440.0,Marls and Sandstones
Unknown_1,683447.22,5072766.9,-287.67,445.0,445.0,Marls and Sandstones
Unknown_1,683447.22,5072766.9,-292.67,450.0,450.0,Marls and Sandstones
Unknown_1,683447.22,5072766.9,-297.67,455.0,455.0,Marls and Sandstones
Unknown_1,683447.22,5072766.9,-302.67,460.0,460.0,Marls and Sandstones
Unknown_1,683447.22,5072766.9,-307.67,465.0,465.0,Marls and Sandstones
Unknown_1,683447.22,5072766.9,-312.67,470.0,470.0,Marls and Sandstones
Unknown_1,683447.22,5072766.9,-317.67,475.0,475.0,Marls and Sandstones
Unknown_1,683447.22,5072766.9,-322.67,480.0,480.0,Marls and Sandstones
Unknown_1,683447.22,5072766.9,-327.67,485.0,485.0,Marls and Sandstones
Unknown_1,683447.22,5072766.9,-332.67,490.0,490.0,Marls and Sandstones
Unknown_1,683447.22,5072766.9,-337.67,495.0,495.0,Marls and Sandstones
Unknown_1,683447.22,5072766.9,-342.67,500.0,500.0,Marls and Sandstones
Unknown_1,683447.22,5072766.9,-347.67,505.0,505.0,Marls and Sandstones
Unknown_1,683447.22,5072766.9,-352.67,510.0,510.0,Marls and Sandstones
Unknown_1,683447.22,5072766.9,-357.67,515.0,515.0,Marls and Sandstones
Unknown_1,683447.22,5072766.9,-362.67,520.0,520.0,Marls and Sandstones
Unknown_1,683447.22,5072766.9,-367.67,525.0,525.0,Marls and Sandstones
Unknown_1,683447.22,5072766.9,-372.67,530.0,530.0,Marls and Sandstones
Unknown_1,683447.22,5072766.9,-377.67,535.0,535.0,Marls and Sandstones
Unknown_1,683447.22,5072766.9,-382.67,540.0,540.0,Marls and Sandstones
Unknown_1,683447.22,5072766.9,-387.67,545.0,545.0,Marls and Sandstones
Unknown_1,683447.22,5072766.9,-392.67,550.0,550.0,Marls and Sandstones
Unknown_1,683447.22,5072766.9,-397.67,555.0,555.0,Marls and Sandstones
Unknown_1,683447.22,5072766.9,-402.67,560.0,560.0,Marls and Sandstones
Unknown_1,683447.22,5072766.9,-407.67,565.0,565.0,Marls and Sandstones
Unknown_1,683447.22,5072766.9,-412.67,570.0,570.0,Marls and Sandstones
Unknown_1,683447.22,5072766.9,-417.67,575.0,575.0,Marls and Sandstones
Unknown_1,683447.22,5072766.9,-422.67,580.0,580.0,Marls and Sandstones
Unknown_1,683447.22,5072766.9,-427.67,585.0,585.0,Marls and Sandstones
Unknown_1,683447.22,5072766.9,-432.67,590.0,590.0,Marls and Sandstones
Unknown_1,683447.22,5072766.9,-437.67,595.0,595.0,Marls and Sandstones
Unknown_1,683447.22,5072766.9,-442.67,600.0,600.0,Marls and Sandstones
Unknown_1,683447.22,5072766.9,-447.67,605.0,605.0,Marls and Sandstones
Unknown_1,683447.22,5072766.9,-452.67,610.0,610.0,Marls and Sandstones
Unknown_1,683447.22,5072766.9,-457.67,615.0,615.0,Marls and Sandstones
Unknown_1,683447.22,5072766.9,-462.67,620.0,620.0,Marls and Sandstones
Unknown_1,683447.22,5072766.9,-467.67,625.0,625.0,Marls and Sandstones
Unknown_1,683447.22,5072766.9,-472.67,630.0,630.0,Marls and Sandstones
Unknown_1,683447.22,5072766.9,-477.67,635.0,635.0,Marls and Sandstones
Unknown_1,683447.22,5072766.9,-482.67,640.0,640.0,Marls and Sandstones
Unknown_1,683447.22,5072766.9,-487.67,645.0,645.0,Marls and Sandstones
Unknown_1,683447.22,5072766.9,-492.67,650.0,650.0,Marls and Sandstones
Unknown_1,683447.22,5072766.9,-497.67,655.0,655.0,Marls and Sandstones
Unknown_1,683447.22,5072766.9,-502.67,660.0,660.0,Marls and Sandstones
Unknown_1,683447.22,5072766.9,-507.67,665.0,665.0,Marls and Sandstones
Unknown_1,683447.22,5072766.9,-512.67,670.0,670.0,Marls and Sandstones
Unknown_1,683447.22,5072766.9,-517.67,675.0,675.0,Marls and Sandstones
Unknown_1,683447.22,5072766.9,-522.67,680.0,680.0,Marls and Sandstones
Unknown_1,683447.22,5072766.9,-527.67,685.0,685.0,Marls and Sandstones
Unknown_1,683447.22,5072766.9,-532.67,690.0,690.0,Marls and Sandstones
Unknown_1,683447.22,5072766.9,-537.67,695.0,695.0,Marls and Sandstones
Unknown_1,683447.22,5072766.9,-542.67,700.0,700.0,Marls and Sandstones
Unknown_1,683447.22,5072766.9,-547.67,705.0,705.0,Marls and Sandstones
Unknown_1,683447.22,5072766.9,-552.67,710.0,710.0,Marls and Sandstones
Unknown_1,683447.22,5072766.9,-557.67,715.0,715.0,Marls and Sandstones
Unknown_1,683447.22,5072766.9,-562.67,720.0,720.0,Marls and Sandstones
Unknown_1,683447.22,5072766.9,-567.67,725.0,725.0,Marls and Sandstones
Unknown_1,683447.22,5072766.9,-572.67,730.0,730.0,Marls and Sandstones
Unknown_1,683447.22,5072766.9,-577.67,735.0,735.0,Marls and Sandstones
Unknown_1,683447.22,5072766.9,-582.67,740.0,740.0,Marls and Sandstones
Unknown_1,683447.22,5072766.9,-587.67,745.0,745.0,Marls and Sandstones
Unknown_1,683447.22,5072766.9,-592.67,750.0,750.0,Marls and Sandstones
Unknown_1,683447.22,5072766.9,-597.67,755.0,755.0,Marls and Sandstones
Unknown_1,683447.22,5072766.9,-602.67,760.0,760.0,Marls and Sandstones
Unknown_1,683447.22,5072766.9,-607.67,765.0,765.0,Marls and Sandstones
Unknown_1,683447.22,5072766.9,-612.67,770.0,770.0,Marls and Sandstones
Unknown_1,683447.22,5072766.9,-617.67,775.0,775.0,Marls and Sandstones
Unknown_1,683447.22,5072766.9,-622.67,780.0,780.0,Marls and Sandstones
Unknown_1,683447.22,5072766.9,-627.67,785.0,785.0,Marls and Sandstones
Unknown_1,683447.22,5072766.9,-632.67,790.0,790.0,Marls and Sandstones
Unknown_1,683447.22,5072766.9,-637.67,795.0,795.0,Marls and Sandstones
Unknown_1,683447.22,5072766.9,-642.67,800.0,800.0,Marls and Sandstones
Unknown_1,683447.22,5072766.9,-647.67,805.0,805.0,Marls and Sandstones
Unknown_1,683447.22,5072766.9,-652.67,810.0,810.0,Marls and Sandstones
Unknown_1,683447.22,5072766.9,-657.67,815.0,815.0,Marls and Sandstones
Unknown_1,683447.22,5072766.9,-662.67,820.0,820.0,Marls and Sandstones
Unknown_1,683447.22,5072766.9,-667.67,825.0,825.0,Marls and Sandstones
Unknown_1,683447.22,5072766.9,-672.67,830.0,830.0,Marls and Sandstones
Unknown_1,683447.22,5072766.9,-677.67,835.0,835.0,Marls and Sandstones
Unknown_1,683447.22,5072766.9,-682.67,840.0,840.0,Marls and Sandstones
Unknown_1,683447.22,5072766.9,-687.67,845.0,845.0,Marls and Sandstones
Unknown_1,683447.22,5072766.9,-692.67,850.0,850.0,Marls and Sandstones
Unknown_1,683447.22,5072766.9,-697.67,855.0,855.0,Marls and Sandstones
Unknown_1,683447.22,5072766.9,-702.67,860.0,860.0,Marls and Sandstones
Unknown_1,683447.22,5072766.9,-707.67,865.0,865.0,Marls and Sandstones
Unknown_1,683447.22,5072766.9,-712.67,870.0,870.0,Marls and Sandstones
Unknown_1,683447.22,5072766.9,-717.67,875.0,875.0,Marls and Sandstones
Unknown_1,683447.22,5072766.9,-722.67,880.0,880.0,Marls and Sandstones
Unknown_1,683447.22,5072766.9,-727.67,885.0,885.0,Marls and Sandstones
Unknown_1,683447.22,5072766.9,-732.67,890.0,890.0,Marls and Sandstones
Unknown_1,683447.22,5072766.9,-737.67,895.0,895.0,Marls and Sandstones
Unknown_1,683447.22,5072766.9,-742.67,900.0,900.0,Marls and Sandstones
Unknown_1,683447.22,5072766.9,-747.67,905.0,905.0,Marls and Sandstones
Unknown_1,683447.22,5072766.9,-752.67,910.0,910.0,Marls and Sandstones
Unknown_1,683447.22,5072766.9,-757.67,915.0,915.0,Marls and Sandstones
Unknown_1,683447.22,5072766.9,-762.67,920.0,920.0,Marls and Sandstones
Unknown_1,683447.22,5072766.9,-767.67,925.0,925.0,Marls and Sandstones
Unknown_1,683447.22,5072766.9,-772.67,930.0,930.0,Marls and Sandstones
Unknown_1,683447.22,5072766.9,-777.67,935.0,935.0,Marls and Sandstones
Unknown_1,683447.22,5072766.9,-782.67,940.0,940.0,Marls and Sandstones
Unknown_1,683447.22,5072766.9,-787.67,945.0,945.0,Marls and Sandstones
Unknown_1,683447.22,5072766.9,-792.67,950.0,950.0,Marls and Sandstones
Unknown_1,683447.22,5072766.9,-797.67,955.0,955.0,Marls and Sandstones
Unknown_1,683447.22,5072766.9,-802.67,960.0,960.0,Marls and Sandstones
Unknown_1,683447.22,5072766.9,-807.67,965.0,965.0,Marls and Sandstones
Unknown_1,683447.22,5072766.9,-812.67,970.0,970.0,Marls and Sandstones
Unknown_1,683447.22,5072766.9,-817.67,975.0,975.0,Marls and Sandstones
Unknown_1,683447.22,5072766.9,-822.67,980.0,980.0,Marls and Sandstones
Unknown_1,683447.22,5072766.9,-827.67,985.0,985.0,Marls and Sandstones
Unknown_1,683447.22,5072766.9,-832.67,990.0,990.0,Marls and Sandstones
Unknown_1,683447.22,5072766.9,-837.67,995.0,995.0,Marls and Sandstones
Unknown_1,683447.22,5072766.9,-842.67,1000.0,1000.0,Marls and Sandstones
Unknown_1,683447.22,5072766.9,-847.67,1005.0,1005.0,Marls and Sandstones
Unknown_1,683447.22,5072766.9,-852.67,1010.0,1010.0,Marls and Sandstones
Unknown_1,683447.22,5072766.9,-857.67,1015.0,1015.0,Marls and Sandstones
Unknown_1,683447.22,5072766.9,-862.67,1020.0,1020.0,Marls and Sandstones
Unknown_1,683447.22,5072766.9,-867.67,1025.0,1025.0,Marls and Sandstones
Unknown_1,683447.22,5072766.9,-872.67,1030.0,1030.0,Marls and Sandstones
Unknown_1,683447.22,5072766.9,-877.67,1035.0,1035.0,Marls and Sandstones
Unknown_1,683447.22,5072766.9,-882.67,1040.0,1040.0,Marls and Sandstones
Unknown_1,683447.22,5072766.9,-887.67,1045.0,1045.0,Marls and Sandstones
Unknown_1,683447.22,5072766.9,-892.67,1050.0,1050.0,Marls and Sandstones
Unknown_1,683447.22,5072766.9,-897.67,1055.0,1055.0,Marls and Sandstones
Unknown_1,683447.22,5072766.9,-902.67,1060.0,1060.0,Marls and Sandstones
Unknown_1,683447.22,5072766.9,-907.67,1065.0,1065.0,Marls and Sandstones
Unknown_1,683447.22,5072766.9,-912.67,1070.0,1070.0,Marls and Sandstones
Unknown_1,683447.22,5072766.9,-917.67,1075.0,1075.0,Marls and Sandstones
Unknown_1,683447.22,5072766.9,-922.67,1080.0,1080.0,Marls and Sandstones
Unknown_1,683447.22,5072766.9,-927.67,1085.0,1085.0,Marls and Sandstones
Unknown_1,683447.22,5072766.9,-932.67,1090.0,1090.0,Marls and Sandstones
Unknown_1,683447.22,5072766.9,-937.67,1095.0,1095.0,Marls and Sandstones
Unknown_1,683447.22,5072766.9,-942.67,1100.0,1100.0,Marls and Sandstones
Unknown_1,683447.22,5072766.9,-947.67,1105.0,1105.0,Marls and Sandstones
Unknown_1,683447.22,5072766.9,-952.67,1110.0,1110.0,Marls and Sandstones
Unknown_1,683447.22,5072766.9,-957.67,1115.0,1115.0,Marls and Sandstones
Unknown_1,683447.22,5072766.9,-962.67,1120.0,1120.0,Marls and Sandstones
Unknown_1,683447.22,5072766.9,-967.67,1125.0,1125.0,Marls and Sandstones
Unknown_1,683447.22,5072766.9,-972.67,1130.0,1130.0,Marls and Sandstones
Unknown_1,683447.22,5072766.9,-977.67,1135.0,1135.0,Marls and Sandstones
Unknown_1,683447.22,5072766.9,-982.67,1140.0,1140.0,Marls and Sandstones
Unknown_1,683447.22,5072766.9,-987.67,1145.0,1145.0,Marls and Sandstones
Unknown_1,683447.22,5072766.9,-992.67,1150.0,1150.0,Marls and Sandstones
Unknown_1,683447.22,5072766.9,-997.67,1155.0,1155.0,Marls and Sandstones
Unknown_1,683447.22,5072766.9,-1002.67,1160.0,1160.0,Marls and Sandstones
Unknown_1,683447.22,5072766.9,-1007.67,1165.0,1165.0,Marls and Sandstones
Unknown_1,683447.22,5072766.9,-1012.67,1170.0,1170.0,Marls and Sandstones
Unknown_1,683447.22,5072766.9,-1017.67,1175.0,1175.0,Marls and Sandstones
Unknown_1,683447.22,5072766.9,-1022.67,1180.0,1180.0,Marls and Sandstones
Unknown_1,683447.22,5072766.9,-1027.67,1185.0,1185.0,Marls and Sandstones
Unknown_1,683447.22,5072766.9,-1032.67,1190.0,1190.0,Marls and Sandstones
Unknown_1,683447.22,5072766.9,-1037.67,1195.0,1195.0,Marls and Sandstones
Unknown_1,683447.22,5072766.9,-1042.67,1200.0,1200.0,Marls and Sandstones
Unknown_1,683447.22,5072766.9,-1047.67,1205.0,1205.0,Marls and Sandstones
Unknown_1,683447.22,5072766.9,-1052.67,1210.0,1210.0,Marls and Sandstones
Unknown_1,683447.22,5072766.9,-1057.67,1215.0,1215.0,Marls and Sandstones
Unknown_1,683447.22,5072766.9,-1062.67,1220.0,1220.0,Marls and Sandstones
Unknown_1,683447.22,5072766.9,-1067.67,1225.0,1225.0,Marls and Sandstones
Unknown_1,683447.22,5072766.9,-1072.67,1230.0,1230.0,Marls and Sandstones
Unknown_1,683447.22,5072766.9,-1077.67,1235.0,1235.0,Marls and Sandstones
Unknown_1,683447.22,5072766.9,-1082.67,1240.0,1240.0,Marls and Sandstones
Unknown_1,683447.22,5072766.9,-1087.67,1245.0,1245.0,Marls and Sandstones
Unknown_1,683447.22,5072766.9,-1092.67,1250.0,1250.0,Marls and Sandstones
Unknown_1,683447.22,5072766.9,-1097.67,1255.0,1255.0,Marls and Sandstones
Unknown_1,683447.22,5072766.9,-1102.67,1260.0,1260.0,Marls and Sandstones
Unknown_1,683447.22,5072766.9,-1107.67,1265.0,1265.0,Marls and Sandstones
Unknown_1,683447.22,5072766.9,-1112.67,1270.0,1270.0,Marls and Sandstones
Unknown_1,683447.22,5072766.9,-1117.67,1275.0,1275.0,Marls and Sandstones
Unknown_1,683447.22,5072766.9,-1122.67,1280.0,1280.0,Marls and Sandstones
Unknown_1,683447.22,5072766.9,-1127.67,1285.0,1285.0,Marls and Sandstones
Unknown_1,683447.22,5072766.9,-1132.67,1290.0,1290.0,Marls and Sandstones
Unknown_1,683447.22,5072766.9,-1137.67,1295.0,1295.0,Marls and Sandstones
Unknown_1,683447.22,5072766.9,-1142.67,1300.0,1300.0,Marls and Sandstones
Unknown_1,683447.22,5072766.9,-1147.67,1305.0,1305.0,Marls and Sandstones
Unknown_1,683447.22,5072766.9,-1152.67,1310.0,1310.0,Marls and Sandstones
Unknown_1,683447.22,5072766.9,-1157.67,1315.0,1315.0,Marls and Sandstones
Unknown_1,683447.22,5072766.9,-1162.67,1320.0,1320.0,Marls and Sandstones
Unknown_1,683447.22,5072766.9,-1167.67,1325.0,1325.0,Marls and Sandstones
Unknown_1,683447.22,5072766.9,-1172.67,1330.0,1330.0,Marls and Sandstones
Unknown_1,683447.22,5072766.9,-1177.67,1335.0,1335.0,Marls and Sandstones
Unknown_1,683447.22,5072766.9,-1182.67,1340.0,1340.0,Marls and Sandstones
Unknown_1,683447.22,5072766.9,-1187.67,1345.0,1345.0,Marls and Sandstones
Unknown_1,683447.22,5072766.9,-1192.67,1350.0,1350.0,Marls and Sandstones
Unknown_1,683447.22,5072766.9,-1197.67,1355.0,1355.0,Marls and Sandstones
Unknown_1,683447.22,5072766.9,-1202.67,1360.0,1360.0,Marls and Sandstones
Unknown_1,683447.22,5072766.9,-1207.67,1365.0,1365.0,Marls and Sandstones
Unknown_1,683447.22,5072766.9,-1212.67,1370.0,1370.0,Marls and Sandstones
Unknown_1,683447.22,5072766.9,-1217.67,1375.0,1375.0,Marls and Sandstones
Unknown_1,683447.22,5072766.9,-1222.67,1380.0,1380.0,Marls and Sandstones
Unknown_1,683447.22,5072766.9,-1227.67,1385.0,1385.0,Marls and Sandstones
Unknown_1,683447.22,5072766.9,-1232.67,1390.0,1390.0,Marls and Sandstones
Unknown_1,683447.22,5072766.9,-1237.67,1395.0,1395.0,Marls and Sandstones
Unknown_1,683447.22,5072766.9,-1242.67,1400.0,1400.0,Marls and Sandstones
Unknown_1,683447.22,5072766.9,-1247.67,1405.0,1405.0,Marls and Sandstones
Unknown_1,683447.22,5072766.9,-1252.67,1410.0,1410.0,Marls and Sandstones
Unknown_1,683447.22,5072766.9,-1257.67,1415.0,1415.0,Marls and Sandstones
Unknown_1,683447.22,5072766.9,-1262.67,1420.0,1420.0,Marls and Sandstones
Unknown_1,683447.22,5072766.9,-1267.67,1425.0,1425.0,Marls and Sandstones
Unknown_1,683447.22,5072766.9,-1272.67,1430.0,1430.0,Marls and Sandstones
Unknown_1,683447.22,5072766.9,-1277.67,1435.0,1435.0,Marls and Sandstones
Unknown_1,683447.22,5072766.9,-1282.67,1440.0,1440.0,Marls and Sandstones
Unknown_1,683447.22,5072766.9,-1287.67,1445.0,1445.0,Marls and Sandstones
Unknown_1,683447.22,5072766.9,-1292.67,1450.0,1450.0,Marls and Sandstones
Unknown_1,683447.22,5072766.9,-1297.67,1455.0,1455.0,Marls and Sandstones
Unknown_1,683447.22,5072766.9,-1302.67,1460.0,1460.0,Marls and Sandstones
Unknown_1,683447.22,5072766.9,-1307.67,1465.0,1465.0,Marls and Sandstones
Unknown_1,683447.22,5072766.9,-1312.67,1470.0,1470.0,Marls and Sandstones
Unknown_1,683447.22,5072766.9,-1317.67,1475.0,1475.0,Marls and Sandstones
Unknown_1,683447.22,5072766.9,-1322.67,1480.0,1480.0,Marls and Sandstones
Unknown_1,683447.22,5072766.9,-1327.67,1485.0,1485.0,Marls and Sandstones
Unknown_1,683447.22,5072766.9,-1332.67,1490.0,1490.0,Marls and Sandstones
Unknown_1,683447.22,5072766.9,-1337.67,1495.0,1495.0,Marls and Sandstones
Unknown_1,683447.22,5072766.9,-1342.67,1500.0,1500.0,Marls and Sandstones
Unknown_1,683447.22,5072766.9,-1347.67,1505.0,1505.0,Marls and Sandstones
Unknown_1,683447.22,5072766.9,-1352.67,1510.0,1510.0,Marls and Sandstones
Unknown_1,683447.22,5072766.9,-1357.67,1515.0,1515.0,Marls and Sandstones
Unknown_1,683447.22,5072766.9,-1362.67,1520.0,1520.0,Marls and Sandstones
Unknown_1,683447.22,5072766.9,-1367.67,1525.0,1525.0,Marls and Sandstones
Unknown_1,683447.22,5072766.9,-1372.67,1530.0,1530.0,Marls and Sandstones
Unknown_1,683447.22,5072766.9,-1377.67,1535.0,1535.0,Marls and Sandstones
Unknown_1,683447.22,5072766.9,-1382.67,1540.0,1540.0,Marls and Sandstones
Unknown_1,683447.22,5072766.9,-1387.67,1545.0,1545.0,Marls and Sandstones
Unknown_1,683447.22,5072766.9,-1392.67,1550.0,1550.0,Marls and Sandstones
Unknown_1,683447.22,5072766.9,-1397.67,1555.0,1555.0,Marls and Sandstones
Unknown_1,683447.22,5072766.9,-1402.67,1560.0,1560.0,Marls and Sandstones
Unknown_1,683447.22,5072766.9,-1407.67,1565.0,1565.0,Marls and Sandstones
Unknown_1,683447.22,5072766.9,-1412.67,1570.0,1570.0,Marls and Sandstones
Unknown_1,683447.22,5072766.9,-1417.67,1575.0,1575.0,Marls and Sandstones
Unknown_1,683447.22,5072766.9,-1422.67,1580.0,1580.0,Marls and Sandstones
Unknown_1,683447.22,5072766.9,-1427.67,1585.0,1585.0,Marls and Sandstones
Unknown_1,683447.22,5072766.9,-1432.67,1590.0,1590.0,Marls and Sandstones
Unknown_1,683447.22,5072766.9,-1437.67,1595.0,1595.0,Marls and Sandstones
Unknown_1,683447.22,5072766.9,-1442.67,1600.0,1600.0,Marls and Sandstones
Unknown_1,683447.22,5072766.9,-1447.67,1605.0,1605.0,Marls and Sandstones
Unknown_1,683447.22,5072766.9,-1452.67,1610.0,1610.0,Marls and Sandstones
Unknown_1,683447.22,5072766.9,-1457.67,1615.0,1615.0,Marls and Sandstones
Unknown_1,683447.22,5072766.9,-1462.67,1620.0,1620.0,Marls and Sandstones
Unknown_1,683447.22,5072766.9,-1467.67,1625.0,1625.0,Marls and Sandstones
Unknown_1,683447.22,5072766.9,-1472.67,1630.0,1630.0,Marls and Sandstones
Unknown_1,683447.22,5072766.9,-1477.67,1635.0,1635.0,Marls and Sandstones
Unknown_1,683447.22,5072766.9,-1482.67,1640.0,1640.0,Marls and Sandstones
Unknown_1,683447.22,5072766.9,-1487.67,1645.0,1645.0,Marls and Sandstones
Unknown_1,683447.22,5072766.9,-1492.67,1650.0,1650.0,Marls and Sandstones
Unknown_1,683447.22,5072766.9,-1497.67,1655.0,1655.0,Marls and Sandstones
Unknown_1,683447.22,5072766.9,-1502.67,1660.0,1660.0,Marls and Sandstones
Unknown_1,683447.22,5072766.9,-1507.67,1665.0,1665.0,Marls and Sandstones
Unknown_1,683447.22,5072766.9,-1512.67,1670.0,1670.0,Marls and Sandstones
Unknown_1,683447.22,5072766.9,-1517.67,1675.0,1675.0,Marls and Sandstones
Unknown_1,683447.22,5072766.9,-1522.67,1680.0,1680.0,Marls and Sandstones
Unknown_1,683447.22,5072766.9,-1527.67,1685.0,1685.0,Marls and Sandstones
Unknown_1,683447.22,5072766.9,-1532.67,1690.0,1690.0,Marls and Sandstones
Unknown_1,683447.22,5072766.9,-1537.67,1695.0,1695.0,Marls and Sandstones
Unknown_1,683447.22,5072766.9,-1542.67,1700.0,1700.0,Marls and Sandstones
Unknown_1,683447.22,5072766.9,-1547.67,1705.0,1705.0,Marls and Sandstones
Unknown_1,683447.22,5072766.9,-1552.67,1710.0,1710.0,Marls and Sandstones
Unknown_1,683447.22,5072766.9,-1557.67,1715.0,1715.0,Marls and Sandstones
Unknown_1,683447.22,5072766.9,-1562.67,1720.0,1720.0,Marls and Sandstones
Unknown_1,683447.22,5072766.9,-1567.67,1725.0,1725.0,Marls and Sandstones
Unknown_1,683447.22,5072766.9,-1572.67,1730.0,1730.0,Marls and Sandstones
Unknown_1,683447.22,5072766.9,-1577.67,1735.0,1735.0,Marls and Sandstones
Unknown_1,683447.22,5072766.9,-1582.67,1740.0,1740.0,Marls and Sandstones
Unknown_1,683447.22,5072766.9,-1587.67,1745.0,1745.0,Marls and Sandstones
Unknown_1,683447.22,5072766.9,-1592.67,1750.0,1750.0,Marls and Sandstones
Unknown_1,683447.22,5072766.9,-1597.67,1755.0,1755.0,Marls and Sandstones
Unknown_1,683447.22,5072766.9,-1602.67,1760.0,1760.0,Marls and Sandstones
Unknown_1,683447.22,5072766.9,-1607.67,1765.0,1765.0,Marls and Sandstones
Unknown_1,683447.22,5072766.9,-1612.67,1770.0,1770.0,Marls and Sandstones
Unknown_1,683447.22,5072766.9,-1617.67,1775.0,1775.0,Marls and Sandstones
Unknown_1,683447.22,5072766.9,-1622.67,1780.0,1780.0,Marls and Sandstones
Unknown_1,683447.22,5072766.9,-1627.67,1785.0,1785.0,Marls and Sandstones
Unknown_1,683447.22,5072766.9,-1632.67,1790.0,1790.0,Marls and Sandstones
Unknown_1,683447.22,5072766.9,-1637.67,1795.0,1795.0,Marls and Sandstones
Unknown_1,683447.22,5072766.9,-1642.67,1800.0,1800.0,Marls and Sandstones
Unknown_1,683447.22,5072766.9,-1647.67,1805.0,1805.0,Marls and Sandstones
Unknown_1,683447.22,5072766.9,-1652.67,1810.0,1810.0,Marls and Sandstones
Unknown_1,683447.22,5072766.9,-1657.67,1815.0,1815.0,Marls and Sandstones
Unknown_1,683447.22,5072766.9,-1662.67,1820.0,1820.0,Marls and Sandstones
Unknown_1,683447.22,5072766.9,-1667.67,1825.0,1825.0,Marls and Sandstones
Unknown_1,683447.22,5072766.9,-1672.67,1830.0,1830.0,Marls and Sandstones
Unknown_1,683447.22,5072766.9,-1677.67,1835.0,1835.0,Marls and Sandstones
Unknown_1,683447.22,5072766.9,-1682.67,1840.0,1840.0,Marls and Sandstones
Unknown_1,683447.22,5072766.9,-1687.67,1845.0,1845.0,Marls and Sandstones
Unknown_1,683447.22,5072766.9,-1692.67,1850.0,1850.0,Marls and Sandstones
Unknown_1,683447.22,5072766.9,-1697.67,1855.0,1855.0,Marls and Sandstones
Unknown_1,683447.22,5072766.9,-1702.67,1860.0,1860.0,Marls and Sandstones
Unknown_1,683447.22,5072766.9,-1707.67,1865.0,1865.0,Marls and Sandstones
Unknown_1,683447.22,5072766.9,-1712.67,1870.0,1870.0,Marls and Sandstones
Unknown_1,683447.22,5072766.9,-1717.67,1875.0,1875.0,Marls and Sandstones
Unknown_1,683447.22,5072766.9,-1722.67,1880.0,1880.0,Marls and Sandstones
Unknown_1,683447.22,5072766.9,-1727.67,1885.0,1885.0,Marls and Sandstones
Unknown_1,683447.22,5072766.9,-1732.67,1890.0,1890.0,Marls and Sandstones
Unknown_1,683447.22,5072766.9,-1737.67,1895.0,1895.0,Marls and Sandstones
Unknown_1,683447.22,5072766.9,-1742.67,1900.0,1900.0,Marls and Sandstones
Unknown_1,683447.22,5072766.9,-1747.67,1905.0,1905.0,Marls and Sandstones
Unknown_1,683447.22,5072766.9,-1752.67,1910.0,1910.0,Marls and Sandstones
Unknown_1,683447.22,5072766.9,-1757.67,1915.0,1915.0,Marls and Sandstones
Unknown_1,683447.22,5072766.9,-1762.67,1920.0,1920.0,Marls and Sandstones
Unknown_1,683447.22,5072766.9,-1767.67,1925.0,1925.0,Marls and Sandstones
Unknown_1,683447.22,5072766.9,-1772.67,1930.0,1930.0,Marls and Sandstones
Unknown_1,683447.22,5072766.9,-1777.67,1935.0,1935.0,Marls and Sandstones
Unknown_1,683447.22,5072766.9,-1782.67,1940.0,1940.0,Marls and Sandstones
Unknown_1,683447.22,5072766.9,-1787.67,1945.0,1945.0,Marls and Sandstones
Unknown_1,683447.22,5072766.9,-1792.67,1950.0,1950.0,Marls and Sandstones
Unknown_1,683447.22,5072766.9,-1797.67,1955.0,1955.0,Marls and Sandstones
Unknown_1,683447.22,5072766.9,-1802.67,1960.0,1960.0,Marls and Sandstones
Unknown_1,683447.22,5072766.9,-1807.67,1965.0,1965.0,Marls and Sandstones
Unknown_1,683447.22,5072766.9,-1812.67,1970.0,1970.0,Marls and Sandstones
Unknown_1,683447.22,5072766.9,-1817.67,1975.0,1975.0,Marls and Sandstones
Unknown_1,683447.22,5072766.9,-1822.67,1980.0,1980.0,Marls and Sandstones
Unknown_1,683447.22,5072766.9,-1827.67,1985.0,1985.0,Marls and Sandstones
Unknown_1,683447.22,5072766.9,-1832.67,1990.0,1990.0,Marls and Sandstones
Unknown_1,683447.22,5072766.9,-1837.67,1995.0,1995.0,Marls and Sandstones
Unknown_1,683447.22,5072766.9,-1842.67,2000.0,2000.0,Marls and Sandstones
Unknown_1,683447.22,5072766.9,-1847.67,2005.0,2005.0,Marls and Sandstones
Unknown_1,683447.22,5072766.9,-1852.67,2010.0,2010.0,Marls and Sandstones
Unknown_1,683447.22,5072766.9,-1857.67,2015.0,2015.0,Marls and Sandstones
Unknown_1,683447.22,5072766.9,-1862.67,2020.0,2020.0,Marls and Sandstones
Unknown_1,683447.22,5072766.9,-1867.67,2025.0,2025.0,Marls and Sandstones
Unknown_1,683447.22,5072766.9,-1872.67,2030.0,2030.0,Marls and Sandstones
Unknown_1,683447.22,5072766.9,-1877.67,2035.0,2035.0,Marls and Sandstones
Unknown_1,683447.22,5072766.9,-1882.67,2040.0,2040.0,Marls and Sandstones
Unknown_1,683447.22,5072766.9,-1887.67,2045.0,2045.0,Marls and Sandstones
Unknown_1,683447.22,5072766.9,-1892.67,2050.0,2050.0,Marls and Sandstones
Unknown_1,683447.22,5072766.9,-1897.67,2055.0,2055.0,Marls and Sandstones
Unknown_1,683447.22,5072766.9,-1902.67,2060.0,2060.0,Marls and Sandstones
Unknown_1,683447.22,5072766.9,-1907.67,2065.0,2065.0,Marls and Sandstones
Unknown_1,683447.22,5072766.9,-1912.67,2070.0,2070.0,Marls and Sandstones
Unknown_1,683447.22,5072766.9,-1917.67,2075.0,2075.0,Marls and Sandstones
Unknown_1,683447.22,5072766.9,-1922.67,2080.0,2080.0,Marls and Sandstones
Unknown_1,683447.22,5072766.9,-1927.67,2085.0,2085.0,Marls and Sandstones
Unknown_1,683447.22,5072766.9,-1932.67,2090.0,2090.0,Marls and Sandstones
Unknown_1,683447.22,5072766.9,-1937.67,2095.0,2095.0,Marls and Sandstones
Unknown_1,683447.22,5072766.9,-1942.67,2100.0,2100.0,Marls and Sandstones
